{
    "textures": {
        "frontback_c": "minecraft:items/currencies/credits/frontback_c",
        "frontback": "minecraft:items/currencies/credits/frontback"
    },
    "display": {
        "gui": {
            "rotation": [ -10, 150, 0 ],
            "translation": [ 0, 4.5, 0 ],
            "scale": [ 2, 2, 2 ]
        },
        "ground": {
            "rotation": [ 0, 0, 0 ],
            "translation": [ 0, 3, 0 ],
            "scale": [ 1.9, 1.9, 1.9 ]
        },
        "fixed": {
            "rotation": [ 0, 180, 0 ],
            "translation": [ 0, 4, 0 ],
            "scale": [ 2, 2, 2 ]
        },
        "head": {
            "rotation": [ 0, 180, 0 ],
            "translation": [ 0, 0, 0 ],
            "scale": [ 1, 1, 1 ]
        },
        "firstperson": {
            "rotation": [ 0, 315, 0 ],
            "translation": [ 0, 3.9, 1 ],
            "scale": [ 1, 1, 1 ]
        },
        "thirdperson": {
            "rotation": [ 75, 180, 0 ],
            "translation": [ 0, 1, -2.8 ],
            "scale": [ 0.4, 0.4, 0.4 ]
        }
    },
    "elements": [
        {
            "name": "Center",
            "from": [ 5.5, 1, 7.75 ], 
            "to": [ 10.5, 6, 8.25 ], 
            "faces": {
                "north": { "texture": "#frontback", "uv": [ 1, 1, 6, 6 ] },
                "south": { "texture": "#frontback", "uv": [ 1, 1, 6, 6 ] }
            }
        },
        {
            "name": "Side_top",
            "from": [ 5.5, 6, 7.5 ], 
            "to": [ 10.5, 7, 8.5 ], 
            "faces": {
                "north": { "texture": "#frontback", "uv": [ 1, 0, 6, 1 ] },
                "east": { "texture": "#frontback", "uv": [ 5, 0, 6, 1 ] },
                "south": { "texture": "#frontback", "uv": [ 1, 0, 6, 1 ] },
                "west": { "texture": "#frontback", "uv": [ 1, 0, 3, 1 ] },
                "up": { "texture": "#frontback", "uv": [ 1, 0, 6, 1 ] },
                "down": { "texture": "#frontback", "uv": [ 1, 0, 6, 1 ] }
            }
        },
        {
            "name": "Side_bottom",
            "from": [ 5.5, 0, 7.5 ], 
            "to": [ 10.5, 1, 8.5 ], 
            "faces": {
                "north": { "texture": "#frontback", "uv": [ 1, 6, 6, 7 ] },
                "east": { "texture": "#frontback", "uv": [ 5, 6, 6, 7 ] },
                "south": { "texture": "#frontback", "uv": [ 1, 6, 6, 7 ] },
                "west": { "texture": "#frontback", "uv": [ 1, 6, 2, 7 ] },
                "up": { "texture": "#frontback", "uv": [ 1, 6, 6, 7 ] },
                "down": { "texture": "#frontback", "uv": [ 1, 6, 6, 7 ] }
            }
        },
        {
            "name": "Side_left",
            "from": [ 4.5, 1, 7.5 ], 
            "to": [ 5.5, 6, 8.5 ], 
            "faces": {
                "north": { "texture": "#frontback", "uv": [ 0, 1, 1, 6 ] },
                "east": { "texture": "#frontback", "uv": [ 0, 1, 1, 6 ] },
                "south": { "texture": "#frontback", "uv": [ 0, 1, 1, 6 ] },
                "west": { "texture": "#frontback", "uv": [ 0, 1, 1, 6 ] },
                "up": { "texture": "#frontback", "uv": [ 0, 1, 1, 2 ] },
                "down": { "texture": "#frontback", "uv": [ 0, 5, 1, 6 ] }
            }
        },
        {
            "name": "Side_right",
            "from": [ 10.5, 1, 7.5 ], 
            "to": [ 11.5, 6, 8.5 ], 
            "faces": {
                "north": { "texture": "#frontback", "uv": [ 6, 1, 7, 6 ] },
                "east": { "texture": "#frontback", "uv": [ 6, 1, 7, 6 ] },
                "south": { "texture": "#frontback", "uv": [ 6, 1, 7, 6 ] },
                "west": { "texture": "#frontback", "uv": [ 6, 1, 7, 6 ] },
                "up": { "texture": "#frontback", "uv": [ 6, 1, 7, 2 ] },
                "down": { "texture": "#frontback", "uv": [ 6, 1, 7, 2 ] }
            }
        },
        {
            "name": "C_0",
            "from": [ 6.5, 2, 7.5 ], 
            "to": [ 7.5, 5, 8.5 ], 
            "faces": {
                "north": { "texture": "#frontback_c", "uv": [ 2, 2, 3, 5 ] },
                "east": { "texture": "#frontback_c", "uv": [ 2, 2, 3, 5 ] },
                "south": { "texture": "#frontback_c", "uv": [ 2, 2, 3, 5 ] },
                "west": { "texture": "#frontback_c", "uv": [ 2, 2, 3, 5 ] },
                "up": { "texture": "#frontback_c", "uv": [ 2, 2, 3, 3 ] },
                "down": { "texture": "#frontback_c", "uv": [ 2, 4, 3, 5 ] }
            }
        },
        {
            "name": "C_1",
            "from": [ 7.5, 4, 7.5 ], 
            "to": [ 9.5, 5, 8.5 ], 
            "faces": {
                "north": { "texture": "#frontback_c", "uv": [ 3, 2, 5, 3 ] },
                "east": { "texture": "#frontback_c", "uv": [ 4, 2, 5, 3 ] },
                "south": { "texture": "#frontback_c", "uv": [ 3, 2, 5, 3 ] },
                "west": { "texture": "#frontback_c", "uv": [ 3, 2, 4, 3 ] },
                "up": { "texture": "#frontback_c", "uv": [ 3, 2, 5, 3 ] },
                "down": { "texture": "#frontback_c", "uv": [ 3, 2, 5, 3 ] }
            }
        },
        {
            "name": "C_2",
            "from": [ 7.5, 2, 7.5 ], 
            "to": [ 9.5, 3, 8.5 ], 
            "faces": {
                "north": { "texture": "#frontback_c", "uv": [ 3, 4, 5, 5 ] },
                "east": { "texture": "#frontback_c", "uv": [ 4, 4, 5, 5 ] },
                "south": { "texture": "#frontback_c", "uv": [ 3, 4, 5, 5 ] },
                "west": { "texture": "#frontback_c", "uv": [ 3, 4, 4, 5 ] },
                "up": { "texture": "#frontback_c", "uv": [ 3, 4, 5, 5 ] },
                "down": { "texture": "#frontback_c", "uv": [ 3, 4, 5, 5 ] }
            }
        }
    ]
}